{"stats":{"minecraft:picked_up":{"minecraft:stick":4,"minecraft:crafting_table":3,"minecraft:raw_iron":1,"minecraft:porkchop":6,"minecraft:oak_log":11,"tombstone:grave_dust":4,"minecraft:gunpowder":2,"minecraft:string":2,"minecraft:dirt":3,"minecraft:bone":2,"minecraft:arrow":1,"minecraft:rotten_flesh":4,"minecraft:oak_sapling":7,"minecraft:mutton":4,"minecraft:oak_planks":5,"minecraft:coal":8,"minecraft:white_wool":2,"minecraft:cobblestone":22,"minecraft:furnace":1},"minecraft:killed":{"minecraft:skeleton":1,"minecraft:sheep":2,"minecraft:pig":3,"minecraft:zombie":12,"minecraft:spider":1,"minecraft:creeper":1},"minecraft:custom":{"minecraft:time_since_rest":23663,"minecraft:interact_with_furnace":5,"minecraft:sprint_one_cm":52095,"minecraft:damage_taken":226,"minecraft:walk_one_cm":39762,"minecraft:mob_kills":20,"minecraft:drop":2,"minecraft:damage_dealt":3126,"minecraft:interact_with_crafting_table":7,"minecraft:fly_one_cm":60251,"minecraft:open_chest":2,"minecraft:crouch_one_cm":1360,"minecraft:play_time":23663,"tombstone:undead_killed":13,"minecraft:sneak_time":327,"minecraft:jump":314,"minecraft:damage_dealt_resisted":0,"minecraft:leave_game":3,"minecraft:time_since_death":23663,"minecraft:total_world_time":23663,"minecraft:damage_resisted":0,"minecraft:fall_one_cm":8664},"minecraft:dropped":{"minecraft:rotten_flesh":4,"minecraft:wooden_pickaxe":1},"minecraft:crafted":{"minecraft:oak_planks":44,"minecraft:cooked_porkchop":6,"minecraft:crafting_table":1,"minecraft:stick":12,"minecraft:wooden_pickaxe":1,"minecraft:stone_pickaxe":1,"minecraft:wooden_axe":1,"minecraft:furnace":1,"minecraft:torch":4,"minecraft:stone_axe":1,"minecraft:air":0},"minecraft:used":{"minecraft:wooden_axe":14,"minecraft:stone_pickaxe":39,"minecraft:oak_planks":9,"minecraft:wooden_pickaxe":3,"minecraft:stone_axe":35,"minecraft:torch":4,"minecraft:dirt":1,"minecraft:crafting_table":3,"minecraft:cooked_porkchop":4,"minecraft:furnace":1,"minecraft:oak_sapling":7,"tombstone:gift":1},"minecraft:mined":{"minecraft:furnace":1,"minecraft:fire":1,"minecraft:iron_ore":1,"treechop:chopped_log":3,"minecraft:crafting_table":3,"minecraft:grass_block":2,"minecraft:coal_ore":8,"minecraft:dirt":1,"minecraft:cobblestone":1,"minecraft:stone":22,"minecraft:oak_planks":5}},"DataVersion":3120}