{"stats":{"minecraft:dropped":{"minecraft:porkchop":3,"minecraft:diamond_axe":1,"minecraft:lapis_lazuli":10,"minecraft:glow_ink_sac":2,"minecraft:diamond":5,"minecraft:crafting_table":1,"minecraft:crossbow":1,"minecraft:lantern":1,"minecraft:fletching_table":1,"minecraft:red_carpet":1,"minecraft:mutton":10,"minecraft:iron_pickaxe":2,"minecraft:white_wool":2,"minecraft:bone":3,"minecraft:cobbled_deepslate":3,"tombstone:gift":1,"minecraft:rotten_flesh":4,"minecraft:oak_planks":14,"ars_nouveau:archwood_slab":5,"apotheosis:gem":7,"minecraft:beef":7,"ars_nouveau:mendosteen_pod":3,"minecraft:egg":1,"minecraft:iron_ingot":14,"minecraft:bread":17,"minecraft:wheat_seeds":4,"minecraft:tnt":1,"minecraft:diamond_leggings":1,"minecraft:iron_helmet":2,"minecraft:golden_axe":1,"minecraft:cobblestone":52,"minecraft:spruce_door":1,"ars_nouveau:bastion_pod":2,"minecraft:stick":14,"minecraft:diorite":10,"minecraft:torch":3,"minecraft:wooden_hoe":1,"tombstone:grave_dust":1,"minecraft:iron_leggings":1,"minecraft:pumpkin":2,"minecraft:iron_shovel":1,"minecraft:bucket":1,"minecraft:spruce_sapling":8,"spartanweaponry:iron_battle_hammer":1,"iceandfire:silver_nugget":14,"minecraft:cobblestone_wall":1,"spartanweaponry:iron_spear":1,"minecraft:chicken":1,"minecraft:iron_boots":1,"ars_nouveau:frostaya_pod":6,"minecraft:diamond_sword":1,"alexsmobs:lobster_tail":1,"minecraft:spruce_planks":6,"minecraft:iron_chestplate":2,"minecraft:cake":2,"minecraft:oak_sapling":8,"minecraft:rabbit_stew":1,"minecraft:stone_pickaxe":2,"minecraft:wooden_pickaxe":2},"minecraft:crafted":{"minecraft:oak_planks":76,"ars_nouveau:archwood_planks":532,"minecraft:diamond_shovel":1,"minecraft:cooked_mutton":11,"spartanweaponry:bolt":16,"minecraft:diamond_helmet":1,"minecraft:diamond_leggings":2,"minecraft:bow":12,"tombstone:grave_key":2,"ars_nouveau:archwood_button":15,"minecraft:chest":5,"ars_nouveau:archwood_fence":51,"sophisticatedbackpacks:backpack":1,"minecraft:emerald":44,"minecraft:diamond_axe":1,"minecraft:crafting_table":12,"minecraft:spruce_planks":686,"minecraft:wooden_pickaxe":1,"minecraft:fletching_table":3,"minecraft:wooden_hoe":1,"minecraft:iron_chestplate":1,"minecraft:diamond_pickaxe":1,"minecraft:shield":1,"minecraft:stick":1440,"minecraft:iron_ingot":26,"minecraft:iron_pickaxe":1,"minecraft:furnace":1,"minecraft:enchanted_golden_apple":1,"ars_nouveau:archwood_slab":6,"minecraft:stone_pickaxe":1,"minecraft:diamond_boots":1,"minecraft:diamond_sword":1,"minecraft:enchanting_table":1,"minecraft:bread":24,"minecraft:air":0,"minecraft:oak_boat":2,"spartanweaponry:wooden_longbow":1,"minecraft:wooden_axe":1,"spartanweaponry:iron_heavy_crossbow":3,"minecraft:torch":40,"minecraft:diamond_chestplate":1},"minecraft:killed":{"alexsmobs:lobster":2,"alexsmobs:snow_leopard":1,"minecraft:chicken":1,"irons_spellbooks:summoned_skeleton":1,"minecraft:piglin_brute":8,"minecraft:piglin":5,"minecraft:pig":1,"minecraft:zombie_villager":1,"alexsmobs:seal":1,"irons_spellbooks:necromancer":1,"minecraft:sheep":2,"minecraft:pillager":2,"minecraft:zombie":6,"minecraft:cow":4,"irons_spellbooks:summoned_zombie":3,"alexsmobs:seagull":1,"minecraft:horse":1,"alexsmobs:moose":1},"minecraft:mined":{"minecraft:spruce_planks":2,"minecraft:white_bed":3,"minecraft:cobblestone_stairs":1,"minecraft:obsidian":20,"minecraft:granite":11,"minecraft:grass_block":14,"ars_nouveau:bastion_pod":1,"minecraft:composter":1,"minecraft:spawner":4,"minecraft:iron_ore":31,"minecraft:sticky_piston":6,"minecraft:cobbled_deepslate":5,"minecraft:pumpkin":6,"minecraft:fletching_table":13,"minecraft:deepslate_lapis_ore":8,"minecraft:anvil":1,"minecraft:enchanting_table":1,"ars_nouveau:archwood_slab":2,"minecraft:brown_mushroom":10,"minecraft:red_bed":5,"minecraft:smoker":2,"ars_nouveau:light_block":1,"minecraft:powder_snow":5,"iceandfire:dragon_ice_spikes":6,"minecraft:torch":1,"minecraft:dead_bush":1,"iceandfire:frozen_dirt":2,"minecraft:mushroom_stem":2,"minecraft:cobblestone":80,"minecraft:oak_planks":1,"minecraft:wall_torch":1,"ars_nouveau:archwood_planks":39,"minecraft:wheat":5,"minecraft:tnt":4,"minecraft:grass":22,"minecraft:oak_log":1,"minecraft:dirt":67,"minecraft:deepslate":95,"minecraft:red_carpet":1,"minecraft:tuff":4,"minecraft:mossy_cobblestone":68,"minecraft:deepslate_diamond_ore":45,"iceandfire:frozen_splinters":6,"minecraft:spruce_leaves":8,"minecraft:large_fern":13,"minecraft:carrots":2,"minecraft:andesite":28,"treechop:chopped_log":20,"minecraft:bookshelf":14,"minecraft:vine":2,"minecraft:stone":103,"minecraft:white_wool":1,"minecraft:podzol":115,"minecraft:spruce_door":3,"minecraft:crafting_table":4,"minecraft:diorite":32,"minecraft:blue_bed":3,"minecraft:birch_planks":5,"minecraft:coarse_dirt":26,"ars_nouveau:blue_archwood_log":2,"minecraft:cobblestone_wall":19,"minecraft:sweet_berry_bush":16,"minecraft:spruce_log":5,"minecraft:coal_ore":41,"biomesoplenty:fir_leaves":4,"minecraft:gravel":57,"minecraft:cracked_stone_bricks":2,"minecraft:stone_bricks":3,"minecraft:gold_ore":2,"minecraft:fern":77},"minecraft:killed_by":{"iceandfire:cyclops":1,"iceandfire:ice_dragon":6},"minecraft:custom":{"minecraft:interact_with_crafting_table":35,"minecraft:open_barrel":29,"minecraft:bell_ring":43,"minecraft:leave_game":7,"minecraft:time_since_death":1856,"minecraft:damage_resisted":0,"minecraft:sprint_one_cm":411516,"minecraft:damage_blocked_by_shield":3285,"minecraft:drop":114,"minecraft:talked_to_villager":38,"minecraft:play_time":207162,"minecraft:deaths":8,"minecraft:jump":3243,"minecraft:walk_on_water_one_cm":26214,"minecraft:interact_with_furnace":10,"minecraft:traded_with_villager":66,"minecraft:sleep_in_bed":5,"minecraft:damage_dealt":9418,"minecraft:crouch_one_cm":19359,"tombstone:undead_killed":12,"minecraft:interact_with_smoker":4,"minecraft:mob_kills":46,"minecraft:interact_with_anvil":1,"minecraft:damage_dealt_resisted":0,"minecraft:climb_one_cm":6793,"minecraft:walk_one_cm":484678,"minecraft:damage_dealt_absorbed":53,"minecraft:sneak_time":12850,"minecraft:walk_under_water_one_cm":20248,"minecraft:boat_one_cm":286199,"minecraft:total_world_time":207162,"spartanshields:shield_bash_hits":2,"tombstone:raider_killed":2,"minecraft:time_since_rest":1020,"minecraft:damage_taken":5873,"minecraft:trigger_trapped_chest":3,"minecraft:swim_one_cm":51767,"minecraft:fly_one_cm":426845,"minecraft:open_chest":78,"minecraft:fall_one_cm":94270},"minecraft:picked_up":{"minecraft:anvil":1,"minecraft:diamond_sword":1,"minecraft:string":4,"minecraft:iron_leggings":2,"minecraft:sticky_piston":6,"irons_spellbooks:arcane_essence":1,"minecraft:cobbled_deepslate":94,"minecraft:spruce_planks":5,"ars_nouveau:mendosteen_pod":3,"minecraft:iron_pickaxe":1,"minecraft:stick":44,"apotheosis:gem":9,"minecraft:composter":1,"minecraft:torch":8,"minecraft:porkchop":3,"tombstone:grave_dust":1,"minecraft:diorite":32,"minecraft:rotten_flesh":16,"minecraft:obsidian":20,"alexsmobs:lobster_tail":1,"minecraft:cobblestone":177,"minecraft:enchanting_table":1,"minecraft:feather":1,"minecraft:andesite":28,"minecraft:smoker":2,"minecraft:flint":8,"minecraft:tuff":4,"minecraft:lapis_lazuli":51,"minecraft:dirt":191,"minecraft:lantern":2,"minecraft:wheat_seeds":19,"minecraft:raw_gold":2,"minecraft:fletching_table":14,"minecraft:oak_planks":1,"iceandfire:frozen_dirt":2,"minecraft:mossy_cobblestone":68,"minecraft:diamond":45,"minecraft:crossbow":2,"minecraft:granite":11,"minecraft:bread":12,"minecraft:oak_sapling":10,"iceandfire:silver_nugget":4,"minecraft:crafting_table":4,"minecraft:coarse_dirt":23,"minecraft:chicken":1,"minecraft:brown_mushroom":12,"minecraft:wooden_pickaxe":1,"ars_nouveau:blue_archwood_sapling":3,"minecraft:shield":1,"ars_nouveau:archwood_slab":2,"ars_nouveau:archwood_planks":42,"iceandfire:frozen_splinters":6,"minecraft:red_bed":5,"minecraft:beef":7,"minecraft:oak_boat":8,"minecraft:egg":1,"minecraft:raw_iron":31,"ars_nouveau:purple_archwood_log":43,"iceandfire:dragonbone":1,"ars_nouveau:blue_archwood_log":45,"ars_nouveau:purple_archwood_sapling":8,"ars_nouveau:frostaya_pod":6,"minecraft:carrot":8,"ars_nouveau:green_archwood_log":45,"iceandfire:dragon_skull_ice":1,"minecraft:tnt":4,"minecraft:mutton":3,"minecraft:white_wool":3,"minecraft:glow_ink_sac":2,"minecraft:leather":3,"minecraft:birch_planks":5,"minecraft:oak_log":20,"minecraft:cobblestone_wall":20,"minecraft:cobblestone_stairs":1,"minecraft:blue_bed":3,"tombstone:gift":1,"minecraft:red_carpet":1,"ars_nouveau:green_archwood_sapling":11,"minecraft:apple":1,"minecraft:iron_ingot":5,"minecraft:stone_pickaxe":1,"minecraft:book":42,"minecraft:sweet_berries":35,"minecraft:pumpkin":2,"ars_nouveau:red_archwood_sapling":2,"minecraft:gravel":62,"ars_nouveau:bastion_pod":7,"minecraft:spruce_sapling":32,"minecraft:white_bed":3,"minecraft:spruce_log":316,"minecraft:spruce_door":3,"minecraft:iron_helmet":2,"minecraft:diamond_axe":1,"tombstone:magic_scroll":1,"minecraft:coal":41},"minecraft:broken":{"minecraft:wooden_axe":1,"minecraft:shield":2},"minecraft:used":{"minecraft:chest":4,"minecraft:shield":62,"minecraft:rotten_flesh":1,"minecraft:iron_chestplate":1,"minecraft:mutton":3,"minecraft:carrot":8,"minecraft:tuff":4,"minecraft:milk_bucket":1,"minecraft:obsidian":16,"minecraft:sweet_berries":4,"minecraft:furnace":1,"minecraft:diorite":22,"minecraft:spruce_door":1,"minecraft:stone_pickaxe":129,"minecraft:oak_planks":3,"minecraft:ender_pearl":2,"minecraft:wooden_pickaxe":24,"minecraft:composter":1,"minecraft:blue_bed":3,"minecraft:diamond_axe":477,"minecraft:white_wool":1,"iceandfire:frozen_dirt":2,"ars_nouveau:archwood_planks":272,"ars_nouveau:archwood_fence":40,"minecraft:bread":39,"minecraft:gravel":53,"minecraft:diamond_sword":118,"minecraft:andesite":7,"minecraft:oak_boat":9,"minecraft:coarse_dirt":19,"minecraft:cobweb":4,"minecraft:enchanting_table":1,"minecraft:spruce_planks":99,"ars_nouveau:archwood_slab":3,"minecraft:torch":31,"minecraft:dirt":182,"minecraft:anvil":1,"minecraft:cobblestone_wall":1,"minecraft:wooden_axe":38,"spartanweaponry:iron_battle_hammer":1,"tombstone:gift":5,"minecraft:cobbled_deepslate":69,"minecraft:cooked_mutton":9,"minecraft:water_bucket":13,"minecraft:birch_planks":1,"minecraft:fletching_table":16,"minecraft:mossy_cobblestone":17,"minecraft:crafting_table":15,"minecraft:red_bed":4,"minecraft:white_bed":3,"minecraft:smoker":1,"minecraft:spruce_log":113,"spartanweaponry:iron_battleaxe":7,"minecraft:oak_log":1,"minecraft:wooden_hoe":17,"minecraft:diamond_pickaxe":408,"minecraft:apple":1,"minecraft:diamond_shovel":254,"minecraft:iron_pickaxe":90,"minecraft:cobblestone":80,"minecraft:bucket":13}},"DataVersion":3120}