{"stats":{"minecraft:mined":{"minecraft:grass_block":1,"minecraft:oak_log":1,"minecraft:dirt":4,"minecraft:stone":8,"treechop:chopped_log":3,"minecraft:crafting_table":1},"minecraft:killed":{"minecraft:zombie":3,"irons_spellbooks:summoned_zombie":1},"minecraft:used":{"minecraft:oak_log":1,"minecraft:wooden_axe":35,"minecraft:dirt":5,"minecraft:cobblestone":3,"minecraft:crafting_table":3,"minecraft:wooden_pickaxe":8},"minecraft:crafted":{"minecraft:oak_planks":60,"minecraft:crafting_table":2,"minecraft:stick":4,"minecraft:wooden_pickaxe":1,"minecraft:wooden_axe":1},"minecraft:custom":{"tombstone:undead_killed":4,"minecraft:time_since_rest":8273,"minecraft:crouch_one_cm":482,"minecraft:play_time":8273,"minecraft:sprint_one_cm":8579,"minecraft:damage_taken":160,"minecraft:walk_one_cm":13414,"minecraft:walk_under_water_one_cm":1221,"minecraft:sneak_time":401,"minecraft:mob_kills":4,"minecraft:damage_dealt_resisted":0,"minecraft:jump":92,"minecraft:damage_dealt":1052,"minecraft:leave_game":1,"minecraft:walk_on_water_one_cm":2061,"minecraft:time_since_death":8273,"minecraft:total_world_time":8273,"minecraft:interact_with_crafting_table":2,"minecraft:fall_one_cm":836,"minecraft:fly_one_cm":12817},"minecraft:picked_up":{"minecraft:crafting_table":1,"minecraft:stick":3,"minecraft:rotten_flesh":4,"minecraft:apple":1,"minecraft:oak_log":16,"tombstone:grave_dust":1,"minecraft:oak_sapling":8,"minecraft:dirt":5,"minecraft:cobblestone":8}},"DataVersion":3120}