{"stats":{"minecraft:crafted":{"minecraft:diamond_sword":1,"sophisticatedbackpacks:backpack":1,"minecraft:crafting_table":3,"minecraft:spruce_planks":48,"biomesoplenty:fir_planks":52,"minecraft:iron_boots":1,"minecraft:iron_chestplate":1,"minecraft:diamond_pickaxe":1,"minecraft:shield":1,"minecraft:iron_axe":1,"tombstone:grave_key":5,"minecraft:stick":4,"minecraft:chest":4},"minecraft:dropped":{"biomesoplenty:fir_log":11,"minecraft:brown_mushroom":1,"minecraft:wheat_seeds":3,"alexsmobs:animal_dictionary":1,"minecraft:cobblestone_wall":1,"ars_nouveau:archwood_planks":1,"minecraft:feather":1,"minecraft:rotten_flesh":4,"minecraft:book":1,"minecraft:lantern":2,"minecraft:spruce_door":1,"minecraft:azure_bluet":1,"minecraft:coal":5,"minecraft:lily_of_the_valley":1,"minecraft:stick":2,"minecraft:cobblestone_stairs":2,"iceandfire:dragon_ice":1,"minecraft:poppy":2,"minecraft:torch":4,"minecraft:iron_chestplate":1,"iceandfire:armor_silver_metal_leggings":2,"apotheosis:gem":5,"minecraft:chain":6,"tombstone:essence_of_undeath":1,"minecraft:spruce_slab":2,"minecraft:sunflower":1,"minecraft:arrow":1,"minecraft:bow":1,"minecraft:stone_brick_stairs":1,"iceandfire:manuscript":5,"minecraft:spruce_sapling":2,"minecraft:bone":1},"minecraft:killed":{"minecraft:witch":1,"minecraft:iron_golem":1,"minecraft:zombie":6,"alexsmobs:crow":2},"minecraft:mined":{"minecraft:spruce_planks":1,"minecraft:brown_mushroom":1,"minecraft:red_bed":1,"ars_nouveau:light_block":1,"minecraft:cobblestone_stairs":2,"minecraft:powder_snow":13,"minecraft:grass_block":3,"minecraft:chest":9,"minecraft:cobblestone":7,"biomesoplenty:sprout":1,"ars_nouveau:sourceberry_bush":3,"minecraft:spawner":1,"minecraft:black_stained_glass_pane":1,"minecraft:carrots":2,"minecraft:light_gray_stained_glass":1,"ars_nouveau:archwood_planks":5,"minecraft:sweet_berry_bush":4,"minecraft:spruce_log":4,"treechop:chopped_log":3,"minecraft:grass":3,"minecraft:dirt":6,"minecraft:cobweb":4,"minecraft:stone":3,"minecraft:oak_leaves":1,"minecraft:fern":1},"minecraft:killed_by":{"iceandfire:ice_dragon":5,"minecraft:zombie":1},"minecraft:custom":{"minecraft:interact_with_furnace":1,"minecraft:mob_kills":9,"tombstone:raider_killed":1,"minecraft:interact_with_crafting_table":9,"minecraft:damage_dealt_resisted":0,"minecraft:leave_game":4,"minecraft:time_since_death":4715,"minecraft:climb_one_cm":9039,"minecraft:damage_resisted":0,"minecraft:time_since_rest":2521,"minecraft:sprint_one_cm":237883,"minecraft:damage_taken":2429,"minecraft:walk_one_cm":181149,"minecraft:damage_blocked_by_shield":760,"minecraft:drop":44,"minecraft:damage_dealt":2737,"minecraft:talked_to_villager":1,"minecraft:fly_one_cm":353233,"minecraft:open_chest":38,"minecraft:crouch_one_cm":7740,"minecraft:play_time":69681,"minecraft:sneak_time":1980,"tombstone:undead_killed":6,"minecraft:deaths":7,"minecraft:jump":2079,"minecraft:walk_on_water_one_cm":447,"minecraft:total_world_time":69681,"minecraft:fall_one_cm":59449},"minecraft:picked_up":{"minecraft:feather":1,"ars_nouveau:source_berry":6,"minecraft:brown_mushroom":1,"biomesoplenty:fir_sapling":55,"biomesoplenty:fir_log":214,"minecraft:stone_brick_stairs":1,"minecraft:chain":5,"minecraft:cobblestone_wall":1,"minecraft:cobblestone_stairs":3,"minecraft:lapis_lazuli":10,"ars_nouveau:archwood_planks":6,"iceandfire:manuscript":4,"minecraft:dirt":9,"minecraft:string":2,"minecraft:red_bed":2,"minecraft:lantern":1,"minecraft:iron_leggings":1,"minecraft:item_frame":3,"minecraft:bone":1,"minecraft:wheat_seeds":3,"minecraft:spruce_planks":1,"minecraft:iron_ingot":22,"iceandfire:armor_silver_metal_leggings":1,"minecraft:poppy":2,"minecraft:iron_pickaxe":1,"minecraft:spruce_slab":1,"minecraft:chest":9,"minecraft:book":1,"minecraft:stick":38,"iceandfire:dragonbone":1,"apotheosis:gem":5,"minecraft:sweet_berries":22,"minecraft:spruce_sapling":3,"minecraft:spruce_log":69,"minecraft:carrot":2,"minecraft:lily_of_the_valley":1,"iceandfire:dragon_skull_ice":1,"minecraft:arrow":1,"minecraft:rotten_flesh":4,"minecraft:diamond":5,"iceandfire:dragon_ice":3,"tombstone:essence_of_undeath":1,"iceandfire:silver_nugget":114,"minecraft:cobblestone":7,"minecraft:sunflower":1},"minecraft:broken":{"minecraft:shield":1},"minecraft:used":{"minecraft:cobblestone_stairs":1,"minecraft:chest":3,"minecraft:spruce_planks":16,"minecraft:shield":42,"biomesoplenty:fir_planks":31,"minecraft:dirt":8,"minecraft:crafting_table":3,"ars_nouveau:archwood_planks":5,"minecraft:red_bed":1,"minecraft:carrot":15,"minecraft:diamond_pickaxe":15,"minecraft:iron_axe":67,"minecraft:bread":2,"tombstone:grave_key":1,"minecraft:spruce_sapling":1,"minecraft:item_frame":3,"minecraft:diamond_sword":69,"ars_nouveau:source_berry":5,"minecraft:cobblestone":7,"minecraft:sweet_berries":35,"minecraft:cobweb":4}},"DataVersion":3120}