{"stats":{"minecraft:mined":{"minecraft:grass":2,"treechop:chopped_log":1},"minecraft:used":{"minecraft:birch_planks":1},"minecraft:crafted":{"minecraft:birch_planks":4},"minecraft:custom":{"minecraft:jump":36,"minecraft:time_since_rest":2228,"minecraft:crouch_one_cm":130,"minecraft:leave_game":1,"minecraft:sprint_one_cm":3530,"minecraft:play_time":2228,"minecraft:damage_taken":100,"minecraft:time_since_death":2228,"minecraft:walk_one_cm":1777,"minecraft:sneak_time":47,"minecraft:total_world_time":2228,"minecraft:fall_one_cm":1463,"minecraft:fly_one_cm":10897},"minecraft:picked_up":{"minecraft:birch_log":1}},"DataVersion":3120}