{"stats":{"minecraft:dropped":{"minecraft:wheat_seeds":6,"minecraft:diorite":1,"minecraft:wooden_hoe":5,"minecraft:wooden_axe":4,"tombstone:grave_dust":3,"minecraft:jungle_leaves":1,"minecraft:bone":1,"minecraft:gravel":1,"minecraft:stone_axe":1,"minecraft:tuff":2,"minecraft:rotten_flesh":41,"minecraft:poppy":14,"minecraft:gunpowder":2,"minecraft:bundle":3,"minecraft:andesite":22,"minecraft:oak_sapling":4,"minecraft:spider_eye":2,"minecraft:stone_pickaxe":10,"minecraft:wooden_pickaxe":2},"minecraft:crafted":{"minecraft:oak_planks":112,"biomesoplenty:cherry_planks":68,"minecraft:furnace":4,"minecraft:cooked_mutton":3,"minecraft:iron_boots":1,"minecraft:iron_axe":1,"tombstone:grave_key":2,"minecraft:stone_pickaxe":2,"minecraft:chest":1,"minecraft:stone_hoe":1,"sophisticatedbackpacks:iron_backpack":1,"minecraft:wheat":162,"minecraft:cooked_beef":23,"biomesoplenty:umbran_planks":4,"sophisticatedbackpacks:backpack":1,"minecraft:cooked_porkchop":9,"minecraft:crafting_table":3,"minecraft:wooden_pickaxe":1,"minecraft:iron_helmet":1,"minecraft:iron_sword":1,"minecraft:copper_ingot":22,"sophisticatedbackpacks:gold_backpack":1,"minecraft:birch_planks":4,"minecraft:stone_axe":1,"minecraft:bread":54,"minecraft:air":0,"minecraft:oak_boat":1,"minecraft:iron_chestplate":1,"minecraft:wooden_hoe":1,"minecraft:diamond_pickaxe":1,"minecraft:shield":1,"sophisticatedbackpacks:diamond_backpack":1,"minecraft:stick":28,"minecraft:flint":2,"minecraft:iron_ingot":109,"minecraft:iron_pickaxe":3,"minecraft:wooden_axe":1,"minecraft:iron_leggings":1,"minecraft:gold_ingot":18,"minecraft:torch":16},"minecraft:killed":{"minecraft:cave_spider":1,"irons_spellbooks:summoned_zombie":3,"minecraft:spider":12,"minecraft:skeleton":10,"minecraft:bee":1,"irons_spellbooks:summoned_skeleton":1,"artifacts:mimic":1,"minecraft:husk":2,"minecraft:pig":6,"irons_spellbooks:necromancer":1,"minecraft:sheep":2,"minecraft:zombie":17,"alexsmobs:cockroach":1,"minecraft:mooshroom":3,"minecraft:enderman":1,"minecraft:cow":9},"minecraft:mined":{"minecraft:tuff":31,"iceandfire:silver_ore":1,"minecraft:deepslate_diamond_ore":12,"minecraft:granite":37,"biomesoplenty:bush":4,"minecraft:grass_block":1,"ars_nouveau:sourceberry_bush":7,"minecraft:spawner":6,"minecraft:hay_block":18,"minecraft:redstone_ore":1,"minecraft:furnace":12,"minecraft:iron_ore":90,"minecraft:cobbled_deepslate":3,"minecraft:andesite":45,"treechop:chopped_log":7,"minecraft:deepslate_lapis_ore":4,"minecraft:bookshelf":27,"ars_nouveau:red_archwood_log":1,"iceandfire:gold_pile":18,"minecraft:deepslate_iron_ore":15,"minecraft:vine":1,"minecraft:stone":198,"minecraft:bone_block":36,"minecraft:deepslate_redstone_ore":8,"minecraft:amethyst_cluster":2,"minecraft:smooth_sandstone":1,"minecraft:crafting_table":17,"minecraft:torch":27,"minecraft:blast_furnace":1,"minecraft:poppy":2,"minecraft:copper_ore":3,"minecraft:cobblestone":8,"biomesoplenty:sprout":1,"minecraft:deepslate_gold_ore":9,"minecraft:lapis_ore":3,"minecraft:oak_planks":51,"minecraft:sugar_cane":9,"minecraft:diorite":41,"minecraft:wall_torch":42,"minecraft:amethyst_block":39,"minecraft:birch_planks":1,"minecraft:lime_bed":1,"minecraft:gray_bed":1,"minecraft:tnt":8,"biomesoplenty:umbran_log":1,"minecraft:grass":35,"biomesoplenty:clover":2,"minecraft:coal_ore":63,"minecraft:gravel":1,"minecraft:dirt":3,"minecraft:sand":2,"minecraft:gold_ore":6,"minecraft:deepslate":419,"minecraft:fern":4},"minecraft:killed_by":{"alexsmobs:skelewag":1,"minecraft:spider":2,"alexsmobs:centipede_head":1},"minecraft:custom":{"minecraft:mob_kills":75,"minecraft:interact_with_crafting_table":38,"minecraft:open_barrel":1,"goblintraders:trade_with_goblin":66,"minecraft:damage_dealt_resisted":68,"minecraft:leave_game":12,"minecraft:time_since_death":31689,"minecraft:climb_one_cm":2803,"minecraft:damage_resisted":0,"minecraft:sprint_one_cm":497776,"minecraft:walk_one_cm":237145,"minecraft:damage_blocked_by_shield":715,"minecraft:drop":52,"minecraft:play_time":202576,"minecraft:sneak_time":2668,"minecraft:deaths":4,"minecraft:walk_under_water_one_cm":27594,"minecraft:boat_one_cm":416940,"minecraft:jump":4590,"minecraft:interact_with_blast_furnace":1,"minecraft:walk_on_water_one_cm":37482,"minecraft:total_world_time":202576,"minecraft:interact_with_furnace":41,"spartanshields:shield_bash_hits":1,"minecraft:sleep_in_bed":1,"minecraft:time_since_rest":218,"minecraft:damage_taken":4201,"minecraft:damage_absorbed":40,"tombstone:sneak_grave":1,"minecraft:trigger_trapped_chest":5,"minecraft:damage_dealt":14041,"minecraft:swim_one_cm":64591,"minecraft:fly_one_cm":900879,"minecraft:crouch_one_cm":7593,"minecraft:open_chest":31,"tombstone:undead_killed":34,"minecraft:fall_one_cm":128070},"minecraft:picked_up":{"minecraft:wooden_axe":3,"irons_spellbooks:scroll":1,"ars_nouveau:red_archwood_log":64,"minecraft:crafting_table":16,"minecraft:leather_leggings":1,"minecraft:wooden_pickaxe":1,"ars_nouveau:blue_archwood_sapling":16,"minecraft:enchanted_book":1,"ars_nouveau:bombegranate_pod":6,"minecraft:amethyst_block":39,"minecraft:string":16,"minecraft:raw_copper":11,"irons_spellbooks:arcane_essence":4,"minecraft:cobbled_deepslate":443,"minecraft:gold_nugget":170,"minecraft:beef":30,"minecraft:oak_boat":1,"irons_spellbooks:wandering_magician_chestplate":1,"minecraft:poppy":16,"minecraft:light_gray_wool":1,"minecraft:sugar_cane":18,"spartanweaponry:iron_flanged_mace":1,"minecraft:furnace":12,"artifacts:universal_attractor":1,"minecraft:stick":47,"minecraft:raw_iron":103,"iceandfire:dragonbone":22,"apotheosis:gem":13,"minecraft:torch":72,"sophisticatedbackpacks:backpack":1,"iceandfire:silver_ore":1,"ars_nouveau:blue_archwood_log":59,"minecraft:porkchop":9,"ars_nouveau:frostaya_pod":1,"tombstone:grave_dust":9,"minecraft:diorite":2,"minecraft:trident":1,"minecraft:redstone":39,"minecraft:tnt":8,"minecraft:arrow":15,"minecraft:rotten_flesh":54,"minecraft:hay_block":18,"biomesoplenty:pink_cherry_sapling":12,"minecraft:mutton":5,"minecraft:bone_block":36,"minecraft:white_wool":2,"minecraft:cobblestone":208,"minecraft:birch_log":1,"minecraft:lime_bed":1,"minecraft:leather_chestplate":1,"minecraft:andesite":56,"ars_nouveau:source_berry":15,"minecraft:leather":13,"spartanweaponry:iron_longsword":1,"minecraft:birch_planks":1,"minecraft:tuff":33,"minecraft:oak_log":28,"minecraft:gunpowder":5,"minecraft:lapis_lazuli":51,"minecraft:wooden_hoe":4,"minecraft:dirt":22,"minecraft:smooth_sandstone":1,"minecraft:bone":11,"minecraft:wheat_seeds":8,"minecraft:raw_gold":13,"minecraft:stone_pickaxe":8,"biomesoplenty:umbran_log":1,"minecraft:gray_bed":1,"minecraft:iron_sword":1,"biomesoplenty:cherry_log":17,"minecraft:oak_planks":52,"minecraft:book":81,"ars_nouveau:red_archwood_sapling":10,"minecraft:gravel":3,"iceandfire:dragon_skull_fire":1,"minecraft:sand":2,"minecraft:amethyst_shard":8,"minecraft:blast_furnace":1,"minecraft:spider_eye":5,"biomesoplenty:flowering_oak_sapling":4,"minecraft:jungle_leaves":1,"minecraft:bundle":3,"minecraft:diamond":12,"waystones:waystone":2,"minecraft:granite":37,"minecraft:oak_sapling":8,"minecraft:coal":215,"minecraft:ender_pearl":1},"minecraft:broken":{"minecraft:iron_pickaxe":4},"minecraft:used":{"minecraft:shield":12,"minecraft:iron_sword":275,"minecraft:stone_hoe":18,"minecraft:torch":85,"minecraft:granite":4,"minecraft:wooden_axe":28,"biomesoplenty:cherry_planks":37,"minecraft:iron_axe":160,"ars_nouveau:source_berry":6,"minecraft:beef":1,"minecraft:oak_sapling":4,"minecraft:furnace":11,"tombstone:gift":6,"minecraft:cooked_beef":23,"minecraft:cobbled_deepslate":14,"minecraft:cooked_mutton":5,"minecraft:water_bucket":43,"minecraft:diorite":1,"minecraft:birch_planks":3,"minecraft:stone_pickaxe":103,"minecraft:oak_planks":57,"minecraft:wooden_pickaxe":3,"biomesoplenty:flowering_oak_sapling":3,"minecraft:golden_apple":1,"minecraft:crafting_table":18,"biomesoplenty:umbran_planks":4,"minecraft:diamond_pickaxe":17,"minecraft:iron_pickaxe":1018,"minecraft:bread":7,"minecraft:stone_axe":39,"minecraft:cobblestone":14,"minecraft:cooked_porkchop":9,"minecraft:bucket":44,"minecraft:oak_boat":2}},"DataVersion":3120}