{"stats":{"minecraft:killed":{"iceandfire:hippogryph":1,"minecraft:spider":5,"minecraft:vindicator":1,"minecraft:skeleton":22,"minecraft:horse":5,"minecraft:chicken":1,"irons_spellbooks:archevoker":1,"minecraft:pig":1,"minecraft:zombie_villager":1,"minecraft:sheep":2,"minecraft:pillager":2,"minecraft:zombie":13,"iceandfire:ice_dragon":1,"alexsmobs:crow":1},"minecraft:mined":{"minecraft:tuff":4,"iceandfire:silver_ore":3,"minecraft:deepslate_diamond_ore":1,"minecraft:sculk_vein":1,"iceandfire:frozen_cobblestone":13,"biomesoplenty:bush":1,"minecraft:granite":3,"minecraft:grass_block":3,"iceandfire:frozen_stone":16,"minecraft:diorite_stairs":3,"minecraft:spawner":9,"minecraft:large_fern":4,"minecraft:magma_block":2,"minecraft:iron_ore":38,"minecraft:barrel":1,"minecraft:cobbled_deepslate":5,"biomesoplenty:lavender":3,"treechop:chopped_log":16,"minecraft:deepslate_lapis_ore":9,"minecraft:bookshelf":25,"minecraft:pointed_dripstone":1,"minecraft:deepslate_iron_ore":1,"biomesoplenty:webbing":4,"minecraft:light_gray_concrete":10,"minecraft:stone":85,"biomesoplenty:spider_egg":2,"minecraft:spruce_slab":2,"minecraft:tripwire":1,"minecraft:deepslate_redstone_ore":2,"minecraft:torch":2,"minecraft:crafting_table":1,"minecraft:chest":2,"minecraft:sculk_sensor":5,"minecraft:cobblestone":17,"biomesoplenty:sprout":5,"minecraft:deepslate_gold_ore":18,"minecraft:lapis_ore":4,"minecraft:cyan_bed":1,"minecraft:oak_planks":6,"minecraft:sculk":1,"minecraft:diorite":28,"minecraft:wall_torch":1,"ars_nouveau:archwood_planks":5,"minecraft:sweet_berry_bush":1,"minecraft:lilac":1,"minecraft:spruce_log":2,"minecraft:orange_tulip":1,"minecraft:tnt":2,"minecraft:stone_brick_stairs":1,"minecraft:grass":4,"minecraft:coal_ore":5,"minecraft:oak_log":2,"minecraft:diorite_wall":2,"minecraft:zombie_head":2,"minecraft:smooth_quartz":3,"minecraft:gravel":7,"minecraft:dirt":7,"biomesoplenty:stringy_cobweb":2,"minecraft:cobweb":5,"minecraft:stone_bricks":1,"minecraft:polished_andesite":1,"minecraft:mossy_stone_bricks":1,"minecraft:deepslate":82,"minecraft:fern":4},"minecraft:broken":{"minecraft:iron_pickaxe":1,"minecraft:wooden_axe":1},"minecraft:crafted":{"minecraft:oak_planks":76,"minecraft:smooth_stone":1,"minecraft:birch_boat":1,"minecraft:cooked_chicken":1,"minecraft:stone_button":18,"minecraft:furnace":3,"minecraft:stone":24,"securitycraft:keypad_item":2,"minecraft:heavy_weighted_pressure_plate":4,"minecraft:cooked_mutton":12,"tombstone:grave_key":1,"minecraft:stone_pickaxe":1,"minecraft:chest":6,"minecraft:cooked_beef":6,"sophisticatedbackpacks:backpack":1,"minecraft:cooked_porkchop":6,"minecraft:crafting_table":8,"minecraft:wooden_pickaxe":1,"minecraft:birch_planks":152,"minecraft:air":0,"minecraft:iron_chestplate":1,"minecraft:shield":1,"minecraft:raw_gold":18,"minecraft:iron_ingot":80,"minecraft:iron_pickaxe":1,"minecraft:wooden_axe":1,"minecraft:stone_sword":1,"minecraft:gold_ingot":51},"minecraft:killed_by":{"iceandfire:ice_dragon":4,"minecraft:zombie":1,"irons_spellbooks:archevoker":1},"minecraft:custom":{"minecraft:mob_kills":58,"minecraft:interact_with_crafting_table":33,"minecraft:open_barrel":50,"minecraft:damage_dealt_resisted":0,"minecraft:leave_game":3,"minecraft:time_since_death":1790,"minecraft:climb_one_cm":8899,"minecraft:damage_resisted":0,"minecraft:sprint_one_cm":462818,"minecraft:walk_one_cm":531441,"minecraft:damage_blocked_by_shield":1130,"minecraft:drop":94,"minecraft:play_time":174962,"minecraft:deaths":6,"minecraft:sneak_time":15279,"minecraft:walk_under_water_one_cm":6176,"minecraft:boat_one_cm":40065,"minecraft:jump":2009,"minecraft:interact_with_blast_furnace":1,"minecraft:walk_on_water_one_cm":11446,"minecraft:total_world_time":174962,"minecraft:interact_with_furnace":73,"spartanshields:shield_bash_hits":1,"tombstone:raider_killed":3,"minecraft:interact_with_cartography_table":1,"minecraft:interact_with_stonecutter":1,"minecraft:time_since_rest":1487,"minecraft:waystone_activated":1,"minecraft:damage_taken":3956,"minecraft:trigger_trapped_chest":6,"minecraft:damage_dealt":14578,"minecraft:swim_one_cm":7735,"minecraft:fly_one_cm":223029,"minecraft:crouch_one_cm":70433,"minecraft:open_chest":132,"tombstone:undead_killed":36,"minecraft:fall_one_cm":55580,"minecraft:horse_one_cm":25700},"minecraft:dropped":{"minecraft:enchanted_book":3,"minecraft:iron_sword":1,"minecraft:candle":1,"minecraft:wheat_seeds":4,"minecraft:lilac":1,"minecraft:glass_bottle":3,"minecraft:crossbow":1,"minecraft:iron_helmet":1,"biomesoplenty:lavender":3,"minecraft:orange_tulip":1,"minecraft:feather":4,"minecraft:cobblestone":8,"minecraft:lantern":6,"minecraft:granite":2,"minecraft:saddle":2,"minecraft:chainmail_helmet":1,"minecraft:item_frame":2,"minecraft:stick":21,"minecraft:flint":1,"irons_spellbooks:scroll":1,"ars_nouveau:worn_notebook":1,"minecraft:gray_wool":1,"minecraft:diorite":17,"minecraft:torch":2,"tombstone:grave_key":1,"minecraft:cornflower":1,"tombstone:grave_dust":2,"irons_spellbooks:arcane_essence":9,"minecraft:paper":4,"minecraft:string":8,"minecraft:spruce_sapling":1,"iceandfire:frozen_cobblestone":8,"minecraft:bone":2,"minecraft:gravel":12,"minecraft:sweet_berries":1,"ars_nouveau:source_berry":1,"minecraft:cobblestone_wall":2,"alexsmobs:animal_dictionary":1,"minecraft:cobbled_deepslate":12,"minecraft:tuff":4,"minecraft:birch_sapling":22,"minecraft:pointed_dripstone":6,"irons_spellbooks:uncommon_ink":3,"minecraft:rotten_flesh":9,"iceandfire:frozen_stone":7,"minecraft:carrot":8,"patchouli:guide_book":2,"minecraft:flower_pot":1,"minecraft:spruce_planks":4,"minecraft:diamond_pickaxe":1,"minecraft:mossy_stone_bricks":1,"minecraft:chest":1,"minecraft:oak_sapling":10,"minecraft:spider_eye":6,"minecraft:stone_bricks":1,"minecraft:spruce_log":1,"minecraft:spruce_slab":9,"minecraft:arrow":5,"minecraft:stone_pickaxe":1,"minecraft:stone_brick_stairs":1,"minecraft:cartography_table":1},"minecraft:picked_up":{"irons_spellbooks:scroll":2,"minecraft:crafting_table":1,"minecraft:chicken":1,"minecraft:flower_pot":1,"minecraft:diamond_sword":1,"minecraft:enchanted_book":5,"iceandfire:frozen_cobblestone":13,"minecraft:stone_brick_stairs":1,"tombstone:grave_key":1,"minecraft:cornflower":1,"ars_nouveau:archwood_planks":6,"minecraft:string":16,"iceandfire:frozen_stone":16,"minecraft:iron_leggings":1,"minecraft:item_frame":4,"minecraft:iron_shovel":1,"minecraft:zombie_head":2,"irons_spellbooks:arcane_essence":16,"minecraft:cartography_table":1,"minecraft:candle":1,"minecraft:cobbled_deepslate":96,"minecraft:spruce_planks":4,"minecraft:beef":6,"minecraft:iron_pickaxe":1,"minecraft:spruce_slab":10,"minecraft:chest":4,"minecraft:birch_sapling":22,"iceandfire:ice_dragon_heart":1,"iceandfire:dragonbone":8,"minecraft:stick":57,"minecraft:raw_iron":48,"apotheosis:gem":7,"minecraft:torch":13,"iceandfire:silver_ore":3,"minecraft:porkchop":6,"minecraft:pointed_dripstone":6,"tombstone:grave_dust":2,"minecraft:diorite":28,"minecraft:carrot":8,"minecraft:redstone":10,"iceandfire:dragon_skull_ice":1,"minecraft:tnt":2,"irons_spellbooks:evocation_rune":1,"minecraft:arrow":19,"minecraft:rotten_flesh":14,"iceandfire:dragonscales_silver":13,"minecraft:saddle":2,"tombstone:essence_of_undeath":1,"minecraft:mutton":12,"minecraft:white_wool":10,"minecraft:cobblestone":107,"biomesoplenty:lavender":3,"minecraft:birch_log":38,"minecraft:feather":4,"minecraft:lilac":1,"minecraft:leather":14,"minecraft:flint":1,"minecraft:tuff":4,"minecraft:oak_log":19,"minecraft:cobblestone_wall":2,"minecraft:lapis_lazuli":83,"minecraft:dirt":7,"minecraft:diorite_stairs":3,"minecraft:paper":4,"minecraft:lantern":8,"irons_spellbooks:rare_ink":1,"minecraft:bone":24,"minecraft:apple":1,"minecraft:stone_bricks":1,"minecraft:wheat_seeds":5,"minecraft:orange_tulip":1,"minecraft:raw_gold":25,"minecraft:mossy_stone_bricks":1,"minecraft:glass_bottle":3,"minecraft:oak_planks":7,"minecraft:book":78,"minecraft:diorite_wall":2,"minecraft:sweet_berries":3,"irons_spellbooks:legendary_ink":1,"minecraft:gravel":12,"minecraft:spruce_door":1,"minecraft:spruce_sapling":25,"minecraft:spruce_log":212,"minecraft:cyan_bed":1,"minecraft:trapped_chest":1,"minecraft:spider_eye":8,"minecraft:barrel":1,"minecraft:bundle":1,"minecraft:light_gray_concrete":10,"minecraft:polished_andesite":1,"minecraft:diamond":1,"minecraft:soul_lantern":1,"minecraft:crossbow":1,"minecraft:granite":3,"minecraft:gray_wool":1,"iceandfire:ice_dragon_flesh":5,"tombstone:magic_scroll":1,"minecraft:oak_sapling":10,"irons_spellbooks:uncommon_ink":2,"minecraft:coal":13,"minecraft:diamond_pickaxe":2},"minecraft:used":{"minecraft:stone_sword":4,"iceandfire:dragon_skull_ice":1,"minecraft:chest":7,"minecraft:shield":16,"minecraft:stone":8,"minecraft:cooked_chicken":1,"minecraft:torch":23,"minecraft:dirt":7,"securitycraft:keypad_item":2,"minecraft:carrot":14,"iceandfire:frozen_stone":9,"minecraft:granite":1,"minecraft:wooden_axe":58,"minecraft:lantern":1,"minecraft:barrel":1,"minecraft:sweet_berries":4,"minecraft:furnace":3,"tombstone:gift":4,"minecraft:cooked_beef":6,"iceandfire:frozen_cobblestone":5,"minecraft:cobbled_deepslate":58,"minecraft:cooked_mutton":12,"minecraft:diorite":6,"minecraft:birch_planks":70,"minecraft:oak_planks":67,"minecraft:stone_pickaxe":26,"minecraft:polished_andesite":1,"minecraft:wooden_pickaxe":27,"minecraft:birch_boat":1,"minecraft:diamond_axe":119,"minecraft:white_wool":1,"minecraft:crafting_table":9,"ars_nouveau:archwood_planks":5,"minecraft:apple":3,"minecraft:bread":1,"minecraft:light_gray_concrete":10,"minecraft:cyan_bed":1,"minecraft:iron_pickaxe":337,"tombstone:grave_key":2,"minecraft:diamond_sword":401,"minecraft:cobblestone":237,"minecraft:cooked_porkchop":6,"alexsmobs:animal_dictionary":1,"minecraft:experience_bottle":2}},"DataVersion":3120}